{"point_scr": [[548, 38], [1206, 32], [1216, 656]], "horizontal_line": [[100, 112], [1250, 112]], "vertical_line": [[503, 10], [503, 700]], "image_angle": 0.10000000000000002, "image_rotation_matrix": [[0.9999988556302489, 0.0015128576246598575, -0.543896348236863], [-0.0015128576246598575, 0.9999988556302489, 0.9686408528926946]], "distortion_factor_y": -0.03750000000000011, "distortion_factor_x": -0.003740000000000167, "board_left_rect": [[524, 13], [858, 678]], "board_right_rect": [[899, 7], [1228, 680]], "dice_center": [343, 200], "dice_radius": 88, "ignore_rects": [[[580, 297], [791, 436]], [[1172, 455], [1180, 459]], [[951, 327], [1182, 446]], [[716, 372], [722, 378]]], "slope": 56.727272033691406, "mmperpixel": [0.013059360730593605, 0.013225283630470016]}